model_name,train_acc,test_acc,train_recall,test_recall,train_precision,test_precision,train_f1,test_f1
logistic_model,0.8889071757735352,0.8909180651530109,0.9749265426052889,0.9712272460364063,0.9009775524981897,0.9058050383351588,0.9364944961896696,0.9373760272031736
logistic_model_tuned,0.9053653719552337,0.9086870681145114,0.9659157688540646,0.9641808573106283,0.9247936984246061,0.9297848244620611,0.9449075404809811,0.9466705102334966
logistic_model_upsampled,0.8108953258722844,0.8203356367226061,0.8182174338883448,0.8302994715208456,0.94974988631196,0.9496306245802552,0.8790908134273387,0.8859649122807018
bagging_estimator,0.9983541803818301,0.9526159921026653,0.9984329089128305,0.9677040516735174,0.9996077662286723,0.9757252812314979,0.9990199921599374,0.9716981132075473
rf_estimator,1.0,0.9619940769990128,1.0,0.98825601879037,1.0,0.9672413793103448,1.0,0.9776357827476038
ada_default,0.9608294930875576,0.9610069101678184,0.9823702252693438,0.9847328244274809,0.9713344954483827,0.969364161849711,0.9768211920529801,0.9769880570929217
gbm_default,0.9751481237656353,0.9684106614017769,0.992360430950049,0.9894304169113329,0.9783700270374662,0.9734257654534951,0.985315569386366,0.9813628421665695
xgb_default,1.0,0.9733464955577492,1.0,0.991779213153259,1.0,0.9768652400231348,1.0,0.9842657342657343
